Company Name,First Name,Last Name,Business Number,Phone Number,Email,Docs,Locations,Google Rating,Reviews,Website,BV,MSA,Tag
Row_1,,,,,,,,,,http://pughgrouppropertymanagement.com/,,,
Row_2,,,,,,,,,,http://www.beaconmanagementservices.com/location/Huntsville,,,
Row_3,,,,,,,,,,https://www.huntsvillepropertymanagementinc.com/,,,
Row_4,,,,,,,,,,https://www.huntsvillepropertymanagement.co/,,,
Row_5,,,,,,,,,,https://arrow-al.com/,,,
Row_6,,,,,,,,,,http://www.rcpmanage.com/,,,
Row_7,,,,,,,,,,http://www.hamlettproperty.net/,,,
Row_8,,,,,,,,,,https://www.valleyhomeshuntsville.com/,,,
Row_9,,,,,,,,,,http://www.managementapex.com/,,,
Row_10,,,,,,,,,,http://astropropertymanagement.com/,,,
Row_11,,,,,,,,,,http://bedrockincomepm.com/,,,
Row_12,,,,,,,,,,http://mayhallrentals.propertymanage.biz/rentals/listings,,,
Row_13,,,,,,,,,,https://derrickmcintire.valleymls.com/,,,
Row_14,,,,,,,,,,http://huntsvillepropertymanagement.com/,,,
Row_15,,,,,,,,,,https://rpmrocketcity.com/?cid=LSTL_RPM000203&utm_source=gmb&utm_campaign=local&utm_medium=organic,,,
Row_16,,,,,,,,,,https://foliopm.com/,,,
Row_17,,,,,,,,,,http://bishopsharpproperties.com/,,,
Row_18,,,,,,,,,,https://propertyconsultantsllc.com/,,,
Row_19,,,,,,,,,,https://www.parkprops.com/,,,
Row_20,,,,,,,,,,http://cummingspropertiesllc.com/,,,
Row_21,,,,,,,,,,http://spm256.appfolio.com/listings,,,
Row_22,,,,,,,,,,http://leaseal.com/,,,
Row_23,,,,,,,,,,http://www.rosenblumrealty.com/,,,
Row_24,,,,,,,,,,http://totalmanagementservicesllc.com/,,,
Row_25,,,,,,,,,,https://www.newtonrental.com/,,,
Row_26,,,,,,,,,,http://foxproperties.net/,,,
Row_27,,,,,,,,,,https://www.venturehaven.com/,,,
Row_28,,,,,,,,,,http://yedlahotels.com/,,,
Row_29,,,,,,,,,,http://www.rentersrealtyonline.com/,,,
Row_30,,,,,,,,,,https://elevatehuntsville.com/contact-us,,,
Row_31,,,,,,,,,,https://al.purepm.co/,,,
Row_32,,,,,,,,,,https://duttonpm.managebuilding.com/,,,
Row_33,,,,,,,,,,https://www.hughes-properties.com/,,,
Row_34,,,,,,,,,,http://realestatecapitalpropertiesllc.managebuilding.com/,,,
Row_35,,,,,,,,,,http://www.samplesproperties.com/,,,
Row_36,,,,,,,,,,https://hoaal.com/,,,
Row_37,,,,,,,,,,https://cmacommunities.com/location/alabama-birmingham-fairhope-hunstville/,,,
Row_38,,,,,,,,,,http://huntsvillepropertymanagers.com/?utm_source=GMB&utm_medium=organic&utm_campaign=mybusiness,,,
Row_39,,,,,,,,,,https://www.bhgsouthernbranch.com/,,,
Row_40,,,,,,,,,,http://www.mj.properties/,,,
Row_41,,,,,,,,,,http://kwsmanagement.com/,,,
Row_42,,,,,,,,,,http://www.hsvempire.com/,,,
Row_43,,,,,,,,,,https://aroundtheclockhsv.com/,,,
Row_44,,,,,,,,,,http://www.circlerentals.com/,,,
Row_45,,,,,,,,,,https://deancre.com/?utm_source=GMB&utm_id=GMB,,,
Row_46,,,,,,,,,,http://www.arelisrodriguez.com/,,,
Row_47,,,,,,,,,,http://puliattiproperties.com/,,,
Row_48,,,,,,,,,,http://www.johnbluerealty.com/,,,
Row_49,,,,,,,,,,http://www.medshuntsville.com/,,,
Row_50,,,,,,,,,,http://www.triadproperties.com/,,,
Row_51,,,,,,,,,,http://www.paladingroupal.com/,,,
Row_52,,,,,,,,,,https://redstonerealtysolutions.com/,,,
Row_53,,,,,,,,,,https://www.mclaincommercial.com/,,,
Row_54,,,,,,,,,,https://www.cummingsrealestatehsv.com/,,,
Row_55,,,,,,,,,,https://www.facebook.com/share/1E9SE6csBN/?mibextid=wwXIfr,,,
Row_56,,,,,,,,,,https://www.woodmilltracehoa.org/,,,
Row_57,,,,,,,,,,https://www.ziprent.com/?utm_source=google_profile&utm_medium=leads&utm_content=alabama&utm_campaign=huntsville&utm_id=gbp21,,,
Row_58,,,,,,,,,,https://huntsvillepropertymanagement.com/,,,
Row_59,,,,,,,,,,http://www.thecottages.net/,,,
Row_60,,,,,,,,,,http://wetradespace.com/,,,
Row_61,,,,,,,,,,http://huntsvillehomesforyou.com/,,,
Row_62,,,,,,,,,,http://www.weaverholdings.com/,,,
Row_63,,,,,,,,,,http://www.besthomesandpropertysolutions.com/,,,
Row_64,,,,,,,,,,https://www.rocketcitypropertybuyers.com/,,,
Row_65,,,,,,,,,,https://www.eaglesmanagement.com/,,,
Row_66,,,,,,,,,,https://genamartinrealtor.com/rentals%2Fmanagement,,,
Row_67,,,,,,,,,,http://crunkletonassociates.com/,,,
Row_68,,,,,,,,,,https://www.atlasrpm.com/?utm_source=gbp&utm_medium=organic,,,
Row_69,,,,,,,,,,http://www.lloshabuys-houses.com/,,,
Row_70,,,,,,,,,,http://www.hollowayandassoc.com/,,,
Row_71,,,,,,,,,,https://managekarma.managebuilding.com/,,,
Row_72,,,,,,,,,,https://www.dorsettgroup.com/,,,
Row_73,,,,,,,,,,https://rosemarypm.managebuilding.com/Resident/public/home,,,
Row_74,,,,,,,,,,http://www.localinvestorclub.com/,,,
Row_75,,,,,,,,,,http://belkhudsonlofts.com/,,,
Row_76,,,,,,,,,,https://www.ehmusa.com/,,,
Row_77,,,,,,,,,,http://www.intownpartners.com/,,,
Row_78,,,,,,,,,,https://www.valleyhomeshuntsville.com/agents/Wendy_Carbone/8490246,,,
Row_79,,,,,,,,,,https://kristiansexton.valleyhomeshuntsville.com/,,,
Row_80,,,,,,,,,,https://www.flatfeerealtyusa.com/,,,
Row_81,,,,,,,,,,https://www.toppropertymanagers.ai/,,,
Row_82,,,,,,,,,,https://findhomesinhuntsville.com/,,,
Row_83,,,,,,,,,,http://www.homeslegend.com/,,,
Row_84,,,,,,,,,,https://endeavourhsv.com/,,,
Row_85,,,,,,,,,,https://www.anthemhousemidcity.com/?utm_source=gmb&utm_medium=organic,,,
Row_86,,,,,,,,,,https://www.governorshouseapt.com/?rcstdid=Mg%3D%3D-YRjTEizZPgM%3D+&utm_source=GMB&utm_medium=organic,,,
Row_87,,,,,,,,,,https://cynthiajoiner.com/,,,
Row_88,,,,,,,,,,https://www.amandahowardrealestate.com/,,,
Row_89,,,,,,,,,,http://www.elevationrealestatehsv.com/,,,
Row_90,,,,,,,,,,https://www.cloudfinancial.com/?utm_source=cumulus&utm_medium=onlinepresence&utm_campaign=gbp,,,
Row_91,,,,,,,,,,https://www.steadfastmanagement.com/apartments/al/huntsville/seleno-at-bridge-street/contactus,,,
Row_92,,,,,,,,,,http://www.welcometohuntsville.com/,,,
Row_93,,,,,,,,,,http://www.selectpropertiesbyjaclyn.com/,,,
Row_94,,,,,,,,,,http://haar.realtor/,,,
Row_95,,,,,,,,,,http://www.sarahtaggart.com/,,,
Row_96,,,,,,,,,,http://lisadickens.amandahoward.com/,,,
Row_97,,,,,,,,,,http://www.dietrichrentals.com/,,,
Row_98,,,,,,,,,,http://www.akxumpropertyservices.com/,,,
Row_99,,,,,,,,,,https://winstonbarton.valleyhomesmadison.com/?fbclid=IwAR3otU69vOObCwljyn8fArE8MgNSrCAjbCJwB8wEn7b89gdgG0G1bvml5SY,,,
Row_100,,,,,,,,,,https://huntsvilleattorneys.com/,,,
Row_101,,,,,,,,,,https://www.lamicarealty.com/,,,
Row_102,,,,,,,,,,https://www.chasecommercial.com/?utm_source=Core70&utm_medium=organic&utm_campaign=WebsiteURL,,,
Row_103,,,,,,,,,,https://www.thedavisapts.com/?rcstdid=Mg%3D%3D-YRjTEizZPgM%3D&utm_source=GMB&utm_medium=organic,,,
Row_104,,,,,,,,,,https://www.karenharrisonsellshuntsville.com/,,,
Row_105,,,,,,,,,,http://www.beaconmanagementservices.com/location/Huntsville,,,
Row_106,,,,,,,,,,https://www.dsldhomes.com/communities/alabama/huntsville/parkside?utm_source=GMB&utm_medium=organic&utm_campaign=website,,,
Row_107,,,,,,,,,,http://www.hsvcommercial.com/,,,
Row_108,,,,,,,,,,https://www.stonemartinbuilders.com/new-homes/al/meridianville/whitaker-landing/8301/,,,
Row_109,,,,,,,,,,https://mtcarmelbytheriver.com/,,,
Row_110,,,,,,,,,,https://dynastyrealestateservices.com/,,,
Row_111,,,,,,,,,,https://www.brixmor.com/,,,
Row_112,,,,,,,,,,https://www.usastoragecenters.com/locations/meridianville-al-35759/?utm_source=google&utm_medium=organic&utm_campaign=gbp,,,
Row_113,,,,,,,,,,http://www.rentcustom.com/,,,
Row_114,,,,,,,,,,https://www.onpointtransactionllc.com/,,,
Row_115,,,,,,,,,,https://www.realpm.biz/contact.html,,,
Row_116,,,,,,,,,,http://www.vcinvllc.com/,,,
Row_117,,,,,,,,,,http://www.johnwesleybrooksrealestate.com/,,,
Row_118,,,,,,,,,,https://www.edgewatercommunity.com/,,,
Row_119,,,,,,,,,,http://www.ahicorporatehousing.com/huntsville-corporate-housing,,,
Row_120,,,,,,,,,,http://www.clarkproperties.us/,,,
Row_121,,,,,,,,,,http://www.lampiasi.com/,,,
Row_122,,,,,,,,,,http://www.wyzerealty.com/,,,
Row_123,,,,,,,,,,http://www.choosecapstone.com/,,,
Row_124,,,,,,,,,,https://www.weichertspaceplace.com/,,,
Row_125,,,,,,,,,,http://beccatravis.com/,,,
Row_126,,,,,,,,,,https://zads-property-management-group.ueniweb.com/?utm_campaign=gmb,,,
Row_127,,,,,,,,,,http://pughgroup.com/,,,
Row_128,,,,,,,,,,https://hamptoncove.com/,,,
Row_129,,,,,,,,,,http://tbgresidential.com/,,,
Row_130,,,,,,,,,,https://livethewatts.com/?utm_source=a53_gbp_website&utm_medium=organic,,,
Row_131,,,,,,,,,,http://hamptonhouse-hamptoncove.com/,,,
Row_132,,,,,,,,,,https://www.residencesatwellpoint.com/?utm_source=local_listing&utm_medium=organic,,,
Row_133,,,,,,,,,,http://www.theheightshsv.com/,,,
Row_134,,,,,,,,,,https://www.evermorehomes.com/states/alabama/huntsville-market-area/owens-cross-roads/the-meadows-eh/?utm_source=google&utm_medium=google-my-business,,,
Row_135,,,,,,,,,,http://www.myhamptonfalls.com/,,,
Row_136,,,,,,,,,,https://www.storagesense.com/location/USA/AL/Owens-Cross-Roads/sense-hampton-cove-912/?utm_source=google&utm_medium=maps,,,
Row_137,,,,,,,,,,http://www.lovezonemanagement.com/,,,
Row_138,,,,,,,,,,http://www.apmalabama.com/,,,
Row_139,,,,,,,,,,https://www.urgentteam.com/locations/huntsville-hospital-urgent-care-hazel-green-al/,,,
Row_140,,,,,,,,,,https://www.usastoragecenters.com/locations/hazel-green-al-35750/?utm_source=google&utm_medium=organic&utm_campaign=gbp,,,
Row_141,,,,,,,,,,https://www.harmonscrapmetal.com/?utm_source=GBP_Hazel_Green&utm_medium=website_link,,,
Row_142,,,,,,,,,,http://stanleyconstructioncompany.net/,,,
Row_143,,,,,,,,,,https://alluxeproperties.com/,,,
Row_144,,,,,,,,,,https://propst.com/,,,
Row_145,,,,,,,,,,http://www.constellationhuntsville.com/?rcstdid=MQ%3D%3D-WOzw8Oa5P2c%3D,,,
